accuracy,valid_responses,total_questions
0.7450980392156863,102.0,102.0
0.7058823529411765,102.0,102.0
0.6372549019607843,101.0,102.0
0.6372549019607843,100.0,102.0
0.6078431372549019,102.0,102.0
