,rouge1_mean,rouge1_std,rouge2_mean,rouge2_std,rougeL_mean,rougeL_std,bleu_mean,bleu_std,meteor_mean,meteor_std,semantic_similarity_mean,semantic_similarity_std,inference_time_mean,inference_time_std
azure_gpt-4o-mini,0.2332273597374184,0.10643733291122512,0.05285991645089021,0.03686630890122042,0.1287325031554478,0.04947118976331774,0.01579616114990089,0.017315426791481476,0.23269084821333286,0.07244518167718272,0.9257673490047454,0.0426981064760284,4.039451003074646,2.733363190100742
groq_llama-3.3-70b-versatile,0.2019593446944955,0.11313565239375502,0.04920124894240004,0.034398521993572864,0.11379193946585194,0.05195543001636106,0.015128000205233895,0.017256496469514705,0.21662786025748,0.07463525690904314,0.9186751997470856,0.04911198132723166,2.2563979816436768,2.024451191778775
groq_mistral-saba-24b,0.2054153937595675,0.11534385985208631,0.05179993886150873,0.033457775450316085,0.11154481430365093,0.051679076285116914,0.014207619968796319,0.014765013751474291,0.21872277296009027,0.07075799636219515,0.920383186340332,0.05183333661106049,3.213989827632904,1.9857307720132669
groq_llama-3.1-8b-instant,0.19562229104955212,0.11303149946032369,0.04729079985929646,0.034396553859098365,0.11168946656578305,0.05215151887516085,0.014798244962809902,0.01572160397290376,0.21487758657414802,0.0708513348947858,0.9171198838949204,0.05191805488959744,3.4190741276741026,1.890365861036358
groq_gemma2-9b-it,0.24034202014992048,0.09887196752587005,0.05713763812867792,0.04760798965415684,0.13906919148194732,0.055622724605421565,0.016429438242153146,0.021326861748748278,0.22361625021216588,0.07387548184396758,0.9195156174898148,0.04086670627009771,2.094765312671661,5.623166049266012
