,rouge1_mean,rouge1_std,rouge2_mean,rouge2_std,rougeL_mean,rougeL_std,bleu_mean,bleu_std,meteor_mean,meteor_std,clinical_similarity_mean,clinical_similarity_std,inference_time_mean,inference_time_std
groq_mistral-saba-24b,0.4231669452689873,0.17078745366453246,0.21082606612873211,0.14751291109632808,0.3476765469368089,0.15103207998073478,0.061335162100323554,0.07321046118053491,0.3381257102213301,0.15278870783875154,0.9173232471942901,0.03614437834278123,2.9954420161247253,3.2371904680517543
azure_gpt-4o-mini,0.4730763134938008,0.14246414276522307,0.22547025574582688,0.15622048998772206,0.37724515118581065,0.1600359280172658,0.0860890226579699,0.09902390634089572,0.3579378074479638,0.16747690483757607,0.9405132848024368,0.025198366759295883,2.137186985015869,4.251477218428475
groq_llama-3.3-70b-versatile,0.47273754978186283,0.1693914013586328,0.24171063021695122,0.1785001939901113,0.4028145771183794,0.17363049353769233,0.08958090016624656,0.10669553548611001,0.31157305235410754,0.16766474360943312,0.9351043665409088,0.029185585728568945,2.069827320575714,6.973360846412216
groq_llama-3.1-8b-instant,0.4659984934280249,0.1727856871635047,0.23456127028021573,0.167150791268989,0.38100819089440596,0.16702361269341387,0.08571865867666069,0.10615891111905604,0.36236606917725644,0.17767723321837037,0.936674073934555,0.028777081988725375,3.1067396330833437,3.211912167527422
groq_gemma2-9b-it,0.2436582056350824,0.07815849153757497,0.11587702010037707,0.06500749235149339,0.20124366337161706,0.06636023949077816,0.02533355313578293,0.022889064066560875,0.30542372026692716,0.11427224526930649,0.9037683510780334,0.026740453956342825,2.343391311168671,6.397488335369951
