Model,Average Rank,rouge1_score,rouge1_rank,rouge2_score,rouge2_rank,rougeL_score,rougeL_rank,bleu_score,bleu_rank,meteor_score,meteor_rank,clinical_similarity_score,clinical_similarity_rank
azure_gpt-4o-mini,2.0,0.4730763134938008,1,0.22547025574582688,3,0.37724515118581065,3,0.0860890226579699,2,0.3579378074479638,2,0.9405132848024368,1
groq_llama-3.3-70b-versatile,2.0,0.47273754978186283,2,0.24171063021695122,1,0.4028145771183794,1,0.08958090016624656,1,0.31157305235410754,4,0.9351043665409088,3
groq_llama-3.1-8b-instant,2.1666666666666665,0.4659984934280249,3,0.23456127028021573,2,0.38100819089440596,2,0.08571865867666069,3,0.36236606917725644,1,0.936674073934555,2
groq_mistral-saba-24b,3.8333333333333335,0.4231669452689873,4,0.21082606612873211,4,0.3476765469368089,4,0.061335162100323554,4,0.3381257102213301,3,0.9173232471942901,4
groq_gemma2-9b-it,5.0,0.2436582056350824,5,0.11587702010037707,5,0.20124366337161706,5,0.02533355313578293,5,0.30542372026692716,5,0.9037683510780334,5
